,Title,Year,imdbID,Type,Poster
0,Pokémon: Detective Pikachu,2019,tt5884052,movie,https://m.media-amazon.com/images/M/MV5BNDU4Mzc3NzE5NV5BMl5BanBnXkFtZTgwMzE1NzI1NzM@._V1_SX300.jpg
1,Pokémon,1997–2023,tt0168366,series,https://m.media-amazon.com/images/M/MV5BMzE0ZDU1MzQtNTNlYS00YjNlLWE2ODktZmFmNDYzMTBlZTBmXkEyXkFqcGc@._V1_SX300.jpg
2,Pokémon: The First Movie - Mewtwo Strikes Back,1998,tt0190641,movie,https://m.media-amazon.com/images/M/MV5BNDg0ZDk2N2QtZDQzYi00ZTljLWExODgtZWQ2Y2YzZTA1NjVjXkEyXkFqcGc@._V1_SX300.jpg
3,Pokémon the Movie 2000,1999,tt0210234,movie,https://m.media-amazon.com/images/M/MV5BOTE0NzY5MGUtZDdjMi00OTMyLThiYmEtOTc5NWY0NTE3NDA0XkEyXkFqcGc@._V1_SX300.jpg
4,Pokémon 3 the Movie: Spell of the Unown,2000,tt0235679,movie,https://m.media-amazon.com/images/M/MV5BMTk0NzM3MDY1OV5BMl5BanBnXkFtZTYwNTkwODc5._V1_SX300.jpg
5,Pokemon 4Ever: Celebi - Voice of the Forest,2001,tt0287635,movie,https://m.media-amazon.com/images/M/MV5BZjgyMzI2ODgtNGEyNC00N2U0LTgzMDQtMzgwMDI5YWFlYTliXkEyXkFqcGc@._V1_SX300.jpg
6,Pokémon the Movie: I Choose You!,2017,tt6595896,movie,https://m.media-amazon.com/images/M/MV5BYTI5M2RmMWUtOGFlMC00M2YxLThiZjUtMjZkNjI3NWQ5NjkwXkEyXkFqcGc@._V1_SX300.jpg
7,Pokémon Heroes,2002,tt0347791,movie,https://m.media-amazon.com/images/M/MV5BYWJlMGQxNDYtZTc5NC00MzlhLWI1MTItZmU1NjY1MTRlZjFjXkEyXkFqcGc@._V1_SX300.jpg
8,Pokémon: Mewtwo Strikes Back - Evolution,2019,tt8856470,movie,https://m.media-amazon.com/images/M/MV5BZDY0NmYyNmYtZDdjYy00M2IyLThiNjctZGYwN2EzNmIzN2I1XkEyXkFqcGc@._V1_SX300.jpg
9,Pokémon: Lucario and the Mystery of Mew,2005,tt0875609,movie,https://m.media-amazon.com/images/M/MV5BMTUxOTcwNjAwMl5BMl5BanBnXkFtZTgwMjc2MzQ2NjE@._V1_SX300.jpg
10,Pokémon: Jirachi - Wish Maker,2003,tt0420076,movie,https://m.media-amazon.com/images/M/MV5BNjVmYTZkZjUtMGVhNS00NjQwLWIyM2UtYWNkZjNiYTY1ZjhhXkEyXkFqcGc@._V1_SX300.jpg
11,Pokémon the Movie: Destiny Deoxys,2004,tt0435286,movie,https://m.media-amazon.com/images/M/MV5BMTk4NDc5MDMxNV5BMl5BanBnXkFtZTcwMjM2NjcyMQ@@._V1_SX300.jpg
12,Pokémon: The Rise of Darkrai,2007,tt1226251,movie,https://m.media-amazon.com/images/M/MV5BMTQ4MTYzODUzMF5BMl5BanBnXkFtZTgwMTcxOTk0MDE@._V1_SX300.jpg
13,Pokémon Origins,2013,tt3218680,series,https://m.media-amazon.com/images/M/MV5BMTI2ZTVkYjMtZDY0Ni00NTQxLWE0NTQtNWQ1NDU3Njc5ZmQ3XkEyXkFqcGc@._V1_SX300.jpg
14,Pokémon: Mewtwo Returns,2000,tt0304564,movie,https://m.media-amazon.com/images/M/MV5BMTM4NTAxMTQ4OV5BMl5BanBnXkFtZTYwNTM2MjI5._V1_SX300.jpg
15,Pokémon: Arceus and the Jewel of Life,2009,tt1468843,movie,https://m.media-amazon.com/images/M/MV5BNzI5Y2NlZGYtOTM5NS00NmI1LWI3YWUtZWY5OTdhMTI5MTVlXkEyXkFqcGc@._V1_SX300.jpg
16,Pokémon Concierge,2023,tt26916286,series,https://m.media-amazon.com/images/M/MV5BY2VmNmY2YTctYzAyYy00YmRiLTg2NjYtMzQ2MmMwMTQ3N2NkXkEyXkFqcGc@._V1_SX300.jpg
17,Pokémon the Movie: The Power of Us,2018,tt8108230,movie,https://m.media-amazon.com/images/M/MV5BNWZiMGUzNTMtNmFkMS00YWQwLTgwOTYtNTA4YWFhNjBkM2Q2XkEyXkFqcGc@._V1_SX300.jpg
18,Pokémon Ranger and the Temple of the Sea,2006,tt1000095,movie,https://m.media-amazon.com/images/M/MV5BMTczNjg3MDgyOV5BMl5BanBnXkFtZTgwMTc2MzQ2NjE@._V1_SX300.jpg
19,Pokémon: Giratina and the Sky Warrior,2008,tt1160525,movie,https://m.media-amazon.com/images/M/MV5BMzFlYWUxN2QtMjZlNC00ZDBlLTljYzEtMTJkYzEyODM3Nzc3XkEyXkFqcGc@._V1_SX300.jpg
20,Pokémon the Movie: Secrets of the Jungle,2020,tt11819890,movie,https://m.media-amazon.com/images/M/MV5BY2NlMTFlNjMtNTg2Yi00MzkwLTk2NDUtMWNjZjU2MmEwOTkzXkEyXkFqcGc@._V1_SX300.jpg
21,Pokémon: Zoroark: Master of Illusions,2010,tt1690470,movie,https://m.media-amazon.com/images/M/MV5BOGM4ZGZiMWEtMzIxOS00M2I4LWJkNGQtMzY1YTQzOWM4N2U3XkEyXkFqcGc@._V1_SX300.jpg
22,Pokémon the Movie: Hoopa and the Clash of Ages,2015,tt4503906,movie,https://m.media-amazon.com/images/M/MV5BOTc4MzA2OTg1OF5BMl5BanBnXkFtZTgwNzcyNDAwODE@._V1_SX300.jpg
23,Pokémon the Movie: White - Victini and Zekrom,2011,tt1739212,movie,https://m.media-amazon.com/images/M/MV5BZjkzNDVjZWYtYTljNS00YmQxLWFkY2UtN2E0NGJlNzE0NDM2XkEyXkFqcGc@._V1_SX300.jpg
24,Pokémon the Movie: Kyurem vs. the Sword of Justice,2012,tt2549540,movie,https://m.media-amazon.com/images/M/MV5BNDY4NjA4MjYxNV5BMl5BanBnXkFtZTgwMjM0MDgxMDI@._V1_SX300.jpg
25,Pokémon the Movie: Diancie and the Cocoon of Destruction,2014,tt3918368,movie,https://m.media-amazon.com/images/M/MV5BZmIxNTYzODctY2ZlNS00Njc1LWFkMGUtNTI1MTlhZTFjMjNjXkEyXkFqcGc@._V1_SX300.jpg
26,Pokémon the Movie: Genesect and the Legend Awakened,2013,tt3257582,movie,https://m.media-amazon.com/images/M/MV5BOGQ4MmY0ZWEtNmI4NC00NWZlLWE5ZjEtNWUxNjg2MTY0ZGI3XkEyXkFqcGc@._V1_SX300.jpg
27,Pokémon the Movie: Volcanion and the Mechanical Marvel,2016,tt5889204,movie,https://m.media-amazon.com/images/M/MV5BMTk0NzI2Y2YtOGVjYi00YTUwLWEwNmEtODk1YjlhYzQ0ZTY5XkEyXkFqcGc@._V1_SX300.jpg
28,Pokémon the Movie: Black - Victini and Reshiram,2011,tt1961324,movie,https://m.media-amazon.com/images/M/MV5BNmMwMzljYTgtY2NmNS00M2FhLWI0YzMtY2Y3MzlmMzBhYTE1XkEyXkFqcGc@._V1_SX300.jpg
29,Pokémon Horizons: The Series,2023–,tt26692417,series,https://m.media-amazon.com/images/M/MV5BNDRiNzNiNjAtMWU5OS00ODYwLWI0NTAtZjYwNjVhMDE1NDhmXkEyXkFqcGc@._V1_SX300.jpg
30,Pokémon Yellow Version: Special Pikachu Edition,1998,tt0217732,game,https://m.media-amazon.com/images/M/MV5BMTk0ZGE5MjItMzA2Mi00ODI0LTlkMGUtZmVmOWVkODFhZTM2XkEyXkFqcGdeQXVyMzM4MjM0Nzg@._V1_SX300.jpg
31,Pokémon Journeys: The Series,2019–2023,tt14033496,series,https://m.media-amazon.com/images/M/MV5BN2QzODQ2OGItZGIwMy00MTNlLThhNmItNTk4Nzc3YjM0YmQzXkEyXkFqcGc@._V1_SX300.jpg
32,Pokémon,1996,tt0236617,game,N/A
33,Pokémon Emerald Version,2004,tt0478230,game,https://m.media-amazon.com/images/M/MV5BZWYyMjcwZTgtZjYyNC00ZTE0LTljNDItYjVkZTQ5M2JlZDgyXkEyXkFqcGdeQXVyMzM4MjM0Nzg@._V1_SX300.jpg
34,Pokémon Generations,2016,tt6071336,series,https://m.media-amazon.com/images/M/MV5BYjAwZTgwN2ItZTY0YS00ZjU4LWEzMDgtNmVmNDhhNjk1MzhjXkEyXkFqcGc@._V1_SX300.jpg
35,Pokémon X,2013,tt2634704,game,https://m.media-amazon.com/images/M/MV5BNTg2OWJjZDAtMmE3ZC00ZjdlLTg5YmMtYjU3NGE1YTk4MGU0XkEyXkFqcGdeQXVyMzM4MjM0Nzg@._V1_SX300.jpg
36,Pokémon: Pikachu's Vacation,1998,tt0210233,movie,https://m.media-amazon.com/images/M/MV5BZWY3OWMwM2YtNzRlZi00MmE2LWE3ZWMtZTY4MDQ5ZTc2ZjQ2XkEyXkFqcGc@._V1_SX300.jpg
37,Pokémon Y,2013,tt2634706,game,https://m.media-amazon.com/images/M/MV5BMDFmYjVjZmUtNTg5Zi00OWZkLTkzNjgtOGExYjhlOTNlODc3XkEyXkFqcGdeQXVyMzM4MjM0Nzg@._V1_SX300.jpg
38,Serie Pokemon XY,2014–2017,tt12987648,series,https://m.media-amazon.com/images/M/MV5BZmJhZWQ2NzItNDA4Ni00N2RkLTk2MmYtNDZjYThmNDc2M2U2XkEyXkFqcGc@._V1_SX300.jpg
39,Pokémon Ruby Version,2002,tt0344215,game,https://m.media-amazon.com/images/M/MV5BODM2MTFlNTAtNDYzYS00ZGU1LWE0NmQtMmY3YmExZWU2ZWVkXkEyXkFqcGdeQXVyMzM4MjM0Nzg@._V1_SX300.jpg
40,Pokémon Chronicles,2002–2004,tt1294022,series,https://m.media-amazon.com/images/M/MV5BYjE2ZGFmM2ItZDFmMi00MTc0LWI1M2UtNGFhY2ZkOTc2OWUwXkEyXkFqcGc@._V1_SX300.jpg
41,Pokémon Gold Version,1999,tt0310011,game,N/A
42,Pokémon: The Arceus Chronicles,2022,tt21970564,series,https://m.media-amazon.com/images/M/MV5BZTBkNjA5NTQtMDY0NC00ZDQ1LWE4NzEtOTEwYTZlMDFiMWJhXkEyXkFqcGc@._V1_SX300.jpg
43,Pokémon Sapphire Version,2002,tt0344216,game,https://m.media-amazon.com/images/M/MV5BY2Q2MTVjZTUtMTRjNS00OTA0LTljZDQtYWM5NTQ4M2U3Mzc0XkEyXkFqcGdeQXVyNjM2NTM3ODA@._V1_SX300.jpg
44,Pokémon: The Arceus Chronicles,2022,tt21970564,series,https://m.media-amazon.com/images/M/MV5BZTBkNjA5NTQtMDY0NC00ZDQ1LWE4NzEtOTEwYTZlMDFiMWJhXkEyXkFqcGc@._V1_SX300.jpg
45,Pokémon Master Journeys,2021,tt15416672,series,https://m.media-amazon.com/images/M/MV5BMDA0ZGMzNWUtM2JmYy00MWY1LTg4NzktNTFjMzIyNTE3NjA4XkEyXkFqcGc@._V1_SX300.jpg
46,The Mastermind of Mirage Pokémon,2006,tt1371721,movie,https://m.media-amazon.com/images/M/MV5BMTE4NDlhODYtNzAyNC00NmMwLTk5YzItM2RkNzkyNDYzYzllXkEyXkFqcGdeQXVyOTA1ODU0Mzc@._V1_SX300.jpg
47,Pokémon: The Uncut Story of Mewtwo's Origin,1999,tt6277156,movie,https://m.media-amazon.com/images/M/MV5BZTQ4NTg1YTItNTM2Ny00YjQxLWFjZWMtOGRlYTVkNmM1Yjc3XkEyXkFqcGc@._V1_SX300.jpg
48,Pokemon: Pikachu's Rescue Adventure,1999,tt0210235,movie,https://m.media-amazon.com/images/M/MV5BYjM5NzkwNDUtOGQ3Ny00NzIyLWI5MjMtNzk5MDUyNWYzMGFhXkEyXkFqcGc@._V1_SX300.jpg
49,Pokémon: FireRed Version,2004,tt0433620,game,https://m.media-amazon.com/images/M/MV5BNzU0ODU2NjczOF5BMl5BanBnXkFtZTcwNDk2MzE2MQ@@._V1_SX300.jpg
50,Pokémon: Stadium,1998,tt0280041,game,N/A
51,Pokémon Ruby Version,2002,tt0432576,game,N/A
52,Pokémon Sword,2019,tt9910948,game,https://m.media-amazon.com/images/M/MV5BNDM3ZGIxOTYtZDIwOS00YzRmLTg1YjMtODU0OTM3ZWEyYjcxXkEyXkFqcGdeQXVyMjMxOTcxOTI@._V1_SX300.jpg
53,Pokémon: Mega Evolution,2014–2015,tt3657074,series,https://m.media-amazon.com/images/M/MV5BMmVmNjAyMzYtODIxMy00OWRlLTk5MTgtMmQ3NGEzMDE1OTY5XkEyXkFqcGdeQXVyMjQ5NjMxNDA@._V1_SX300.jpg
54,Pokémon: Twilight Wings,2020,tt11547516,series,https://m.media-amazon.com/images/M/MV5BMmRjMTIzNzMtODMxMS00Y2FkLWIzZjQtMTRiNTkyN2U4ZmUxXkEyXkFqcGc@._V1_SX300.jpg
55,Pokémon Evolutions,2021,tt15356258,series,https://m.media-amazon.com/images/M/MV5BNDBjNWJjZjItYTA3Yi00NmI0LTgxNjEtMzJlMTYyYzg2N2EwXkEyXkFqcGc@._V1_SX300.jpg
56,Pokémon: Sun & Moon Ultra Adventures,2018–2019,tt9860322,series,https://m.media-amazon.com/images/M/MV5BNjU5NWJkZGQtMzViOC00YzFlLThiZjktYzAwMWYxZGU1NDdhXkEyXkFqcGc@._V1_SX300.jpg
57,Pokémon Snap,1999,tt0210910,game,N/A
58,Pokemon: The Legend of Thunder,2001,tt3367860,series,https://m.media-amazon.com/images/M/MV5BOGM2OWEzMzMtM2ExYi00NGZmLWI5MWEtNzQzYmJkZTI3YjBiXkEyXkFqcGdeQXVyMjQ3NTQ4MjQ@._V1_SX300.jpg
59,Pokemon: Crystal Version,2000,tt0288740,game,N/A
60,Pokémon: LeafGreen Version,2004,tt0433621,game,N/A
61,Pokémon Sun and Moon Abridged,2016–,tt8319672,series,https://m.media-amazon.com/images/M/MV5BMDJmMWJiMTAtYTg5OS00ZjZkLWIyOTItMzdjYjU0MTRmNWY4XkEyXkFqcGdeQXVyODc2NDgxMDU@._V1_SX300.jpg
62,Pokémon Shield,2019,tt9866210,game,https://m.media-amazon.com/images/M/MV5BMDM3OTQxYTgtMzRiOC00NmNlLWJiYmMtNzBlMTUzMzBjZmI5XkEyXkFqcGdeQXVyMjMxOTcxOTI@._V1_SX300.jpg
63,Pokémon Pearl Version,2006,tt2016972,game,N/A
64,Pokémon White Version,2010,tt1731223,game,https://m.media-amazon.com/images/M/MV5BNTFiMmY2YTktN2U0Mi00MmUzLWFhNzUtNzIxZDk3YTk1NWYxXkEyXkFqcGdeQXVyMzM4MjM0Nzg@._V1_SX300.jpg
65,Pokémon: Vol. 1: I Choose You! Pikachu!,1999,tt0207656,movie,https://m.media-amazon.com/images/M/MV5BMTIwNjA1OTI1N15BMl5BanBnXkFtZTcwMzkzMjgxMQ@@._V1_SX300.jpg
66,Pokémon Apokélypse,2010,tt1831736,movie,https://m.media-amazon.com/images/M/MV5BZTdkM2Y2ODEtMGEzNC00NzA3LWJjY2QtNjA4NTMzMjRkYzdhXkEyXkFqcGc@._V1_SX300.jpg
67,Pokémon: Diamond and Pearl,2006–2010,tt14053732,series,https://m.media-amazon.com/images/M/MV5BY2EzZjE4YjgtZDlmZS00MDUxLWJhNTItODhkZTNmNGY1MzlmXkEyXkFqcGdeQXVyNjg0NDgwMjk@._V1_SX300.jpg
68,Pokémon Colosseum,2003,tt3472910,game,https://m.media-amazon.com/images/M/MV5BMDMxMWY4MjgtZGJiYy00YmZmLTk0ODEtOGM5YzQ0MjRlMjllL2ltYWdlL2ltYWdlXkEyXkFqcGdeQXVyMzM4MjM0Nzg@._V1_SX300.jpg
69,Pokémon Origins,2013,tt3224374,series,N/A
70,The Power of One: The Pokemon 2000 Movie Special,2000,tt0382918,movie,https://m.media-amazon.com/images/M/MV5BYTk5MjE0ZWMtZjFlMy00ZWNjLThjYmEtMTgwODExODQ1MTBkXkEyXkFqcGc@._V1_SX300.jpg
71,Pokémon Silver,1999,tt0217730,game,N/A
72,Pokémon Ultimate Journeys,2021–2023,tt23640964,series,https://m.media-amazon.com/images/M/MV5BZDY5MzA4NWQtNzdlZS00OWMzLWFkZTUtN2Q3ZjBkYmEzZDVjXkEyXkFqcGc@._V1_SX300.jpg
73,Pokémon: Stadium 2,2000,tt0282071,game,N/A
74,Pokémon: Indigo League,1998–1999,tt35224109,series,https://m.media-amazon.com/images/M/MV5BYzk2ZWQxMTItNDU0Yi00OTlkLWFhNDgtZDM2OGZlZjFmZDU1XkEyXkFqcGc@._V1_SX300.jpg
75,Pokémon: Hisuian Snow,2022,tt19848562,series,https://m.media-amazon.com/images/M/MV5BMzc0YzE3N2UtODAwNC00M2RlLTg5NmYtYWNlY2EyYmUyYTEzXkEyXkFqcGc@._V1_SX300.jpg
76,Pokémon Diamond Version,2006,tt2009554,game,N/A
77,Pokémon: Pikachu's Winter Vacation,1998–2000,tt3452320,series,https://m.media-amazon.com/images/M/MV5BMzYwOTZkYjMtNTM5ZC00NTU4LThjOTMtOGEzYWJkZjNlMmViXkEyXkFqcGc@._V1_SX300.jpg
78,Pokémon Sapphire Version,2002,tt3396424,game,N/A
79,Pokémon Mystery Dungeon: Team Go-Getters Out of the Gate!,2006,tt0874648,movie,https://m.media-amazon.com/images/M/MV5BNjA4MjgzYzAtNGVjNy00NGQ3LTg5MTItNzIyZjM3ZjBkOWE5XkEyXkFqcGc@._V1_SX300.jpg
80,Pokémon: Gotta Dance!!,2003,tt0431991,movie,https://m.media-amazon.com/images/M/MV5BOTc3NWEyN2EtNmQ1MC00MzIyLWFlNjMtNGViMWMyYWMzNGMyXkEyXkFqcGc@._V1_SX300.jpg
81,Pokémon: Camp Pikachu,2002,tt3427954,movie,https://m.media-amazon.com/images/M/MV5BYzgwZDE1ZGUtNzJlZS00ZmEzLTkzMjUtODY5MDJlMGZmNTcyXkEyXkFqcGc@._V1_SX300.jpg
82,Pokémon SoulSilver Version,2009,tt1606808,game,https://m.media-amazon.com/images/M/MV5BYzc5MWU5MjktYmFkYy00MTAwLWFhZWItZmQ2NmUxZDRlYThlXkEyXkFqcGdeQXVyMzM4MjM0Nzg@._V1_SX300.jpg
83,Pokémon Black Version,2010,tt1731222,game,N/A
84,Pokémon Red Version,1996,tt0217733,game,N/A
85,Pokémon: Vol. 6: Seaside Pikachu,1999,tt0207663,movie,https://m.media-amazon.com/images/M/MV5BMTI2MzI5MzA0N15BMl5BanBnXkFtZTcwNjk2NTkyMQ@@._V1_SX300.jpg
86,Pokémon: Vol. 3: The Sisters of Cerulean City,1999,tt0207660,movie,https://m.media-amazon.com/images/M/MV5BMTIwNjA1OTI1N15BMl5BanBnXkFtZTcwMzkzMjgxMQ@@._V1_SX300.jpg
87,Pokemon Blue Version,1996,tt0217729,game,N/A
88,Pokémon HeartGold Version,2009,tt1606807,game,N/A
89,Pokémon Mystery Dungeon: Explorers of Sky,2009,tt5838358,game,https://m.media-amazon.com/images/M/MV5BODlmNjc0OTUtNzMxZi00OTI3LWFmMDYtMzg1YTRmMjQ0NzdhXkEyXkFqcGdeQXVyMzg4MjI1MDU@._V1_SX300.jpg
90,Pokémon: Vol. 14: Jigglypuff Pop,1999,tt0251337,movie,https://m.media-amazon.com/images/M/MV5BMTQ1MDA4NDYzNl5BMl5BanBnXkFtZTcwNzM1MDE2MQ@@._V1_SX300.jpg
91,Pokemon Black and White,2010–2013,tt23867882,series,https://m.media-amazon.com/images/M/MV5BNzllN2I2ZjEtYThjMy00MzY4LTlkM2YtOGJmMDI2ZjU5N2RhXkEyXkFqcGc@._V1_SX300.jpg
92,To Be a Pokémon Master: Ultimate Journeys: The Series,2023,tt29079338,series,https://m.media-amazon.com/images/M/MV5BMThiMWVlMGUtZGQxNC00N2ExLWJkNjctNGRiNTQyM2NlYWRjXkEyXkFqcGc@._V1_SX300.jpg
93,Pokémon Black Version 2,2012,tt2332332,game,N/A
94,Pokémon: Vol. 5: Thunder Shock!,1999,tt0207662,movie,https://m.media-amazon.com/images/M/MV5BMTI2MzI5MzA0N15BMl5BanBnXkFtZTcwNjk2NTkyMQ@@._V1_SX300.jpg
95,Pokémon Green Version,1996,tt0217731,game,https://m.media-amazon.com/images/M/MV5BYTE4ZTMyOWEtZDUwZS00ODFlLWI0YzgtZmI3NDZhZWNhMzkyXkEyXkFqcGdeQXVyMzM4MjM0Nzg@._V1_SX300.jpg
96,Pokémon Mystery Dungeon: Explorers of Time,2007,tt1731217,game,https://m.media-amazon.com/images/M/MV5BOTE1NGI5ODktMzJjOC00NTUxLWE2ZTktNjIwZDcwN2NmZmIyXkEyXkFqcGdeQXVyMzg4MjI1MDU@._V1_SX300.jpg
97,Pokémon Platinum Version,2008,tt1293615,game,https://m.media-amazon.com/images/M/MV5BMjc0OGI4MzgtYmY1OC00YWI1LTllYzQtYTRiYThmYjdiZGFiXkEyXkFqcGdeQXVyMzM4MjM0Nzg@._V1_SX300.jpg
98,Pokémon: Paldean Winds,2023,tt29604743,series,https://m.media-amazon.com/images/M/MV5BNjAyYzMxYTktNjU5OS00M2MwLTgzOTgtYzU4MWQ1MmE1YzcyXkEyXkFqcGc@._V1_SX300.jpg
99,Pokémon: PokéRap,1998,tt6328736,movie,https://m.media-amazon.com/images/M/MV5BYzBjYzI1YTYtMGQ4NC00YzllLTlhMGItMDcyMDdkZjQ4MjI0XkEyXkFqcGdeQXVyMzM4MjM0Nzg@._V1_SX300.jpg
100,Pokémon Mystery Dungeon: Explorers of Darkness,2007,tt1731218,game,https://m.media-amazon.com/images/M/MV5BYmNjMTA4ODQtODk3OC00NzgwLWEzY2QtYWI5OTkwMjVmMzVlXkEyXkFqcGdeQXVyMzg4MjI1MDU@._V1_SX300.jpg
101,Pokémon Mystery Dungeon: Explorers of Time & Darkness,2007,tt5790984,movie,https://m.media-amazon.com/images/M/MV5BZDI3NTQyZjUtZWZhNi00ZWQ4LThlNDUtM2FlZmY2ZjkzMDBlXkEyXkFqcGc@._V1_SX300.jpg
102,The End of Pokémon,2019,tt10515950,movie,https://m.media-amazon.com/images/M/MV5BZDFmMmQ2NDgtMjYzMi00Y2MyLTk1NWQtMDA2NjM0ZDhlZDEzXkEyXkFqcGc@._V1_SX300.jpg
103,Pokémon Puzzle League,2000,tt0305969,game,N/A
104,New Pokémon Snap,2021,tt12564552,game,https://m.media-amazon.com/images/M/MV5BYWVkMjE2NDEtOGNjYy00MzA5LTg2MmEtMTZkNWVlYmY0ZGRhXkEyXkFqcGdeQXVyMTEwNDU1MzEy._V1_SX300.jpg
105,Pokémon: Path to the Peak,2023,tt28664721,series,https://m.media-amazon.com/images/M/MV5BYmY3NmZkMzMtYzU5My00Mzc4LTg4M2MtMmE0ZmE5ZDcyMmIzXkEyXkFqcGc@._V1_SX300.jpg
106,Pokémon White Version 2,2012,tt2332552,game,N/A
107,Pokémon: Vol. 12: Pikachu Party,1999,tt0251335,movie,https://m.media-amazon.com/images/M/MV5BMTYxMTg4MDc3NV5BMl5BanBnXkFtZTcwMDc1MDU1MQ@@._V1_SX300.jpg
108,Pokémon Mystery Dungeon: Explorers of Sky: Beyond Time and Darkness,2009,tt5791004,movie,https://m.media-amazon.com/images/M/MV5BN2UxNzYyNjktZTVhOC00NjQ1LTg2NDMtMDQ1Yzc0ZjU0M2Y1XkEyXkFqcGdeQXVyMTI2NTM4NjM1._V1_SX300.jpg
109,Pokémon XD: Gale of Darkness,2005,tt1244610,game,https://m.media-amazon.com/images/M/MV5BM2ZlMjdlYTUtMWJmMi00Y2JkLTg4NGUtM2Q1OWRiMGYzODA4XkEyXkFqcGdeQXVyMzM4MjM0Nzg@._V1_SX300.jpg
110,Pokémon: Vol. 21: Po-Ke Corral,2000,tt0251344,movie,https://m.media-amazon.com/images/M/MV5BMTQwNDIzOTkyNl5BMl5BanBnXkFtZTcwOTA1MzAzMQ@@._V1_SX300.jpg
111,Pokémon: Vol. 22: Hang Ten Pikachu,2000,tt0251345,movie,https://m.media-amazon.com/images/M/MV5BODYwMjgyMTg1NV5BMl5BanBnXkFtZTcwNzQyNjgxMQ@@._V1_SX300.jpg
112,Pokémon: Happy Birthday to You!,2017,tt13723778,movie,https://m.media-amazon.com/images/M/MV5BMGU4NjdjZDYtOGEyMC00NWIwLWIyOTMtNjFmNzcyODQ1Nzc0XkEyXkFqcGdeQXVyMTE5NDQ1MzQ3._V1_SX300.jpg
113,Pokemon the 'Bridged Series,2010–2018,tt4453068,series,https://m.media-amazon.com/images/M/MV5BZjRlMmVjMzQtZjgzOC00MGRiLTljODAtMGE5OGYxNmE2NzE3XkEyXkFqcGc@._V1_SX300.jpg
114,Pokémon: Vol. 15: Charizard!,1999,tt0251338,movie,https://m.media-amazon.com/images/M/MV5BMTI2MzI5MzA0N15BMl5BanBnXkFtZTcwNjk2NTkyMQ@@._V1_SX300.jpg
115,Pokémon: Vol. 11: The Great Race,1999,tt0251334,movie,https://m.media-amazon.com/images/M/MV5BMTQ1MDA4NDYzNl5BMl5BanBnXkFtZTcwNzM1MDE2MQ@@._V1_SX300.jpg
116,Pokémon: Vol. 13: Wake Up Snorlax!,1999,tt0251336,movie,https://m.media-amazon.com/images/M/MV5BMTI2MzI5MzA0N15BMl5BanBnXkFtZTcwNjk2NTkyMQ@@._V1_SX300.jpg
117,Pokémon Mystery Dungeon: Gates to Infinity,2012,tt2701558,game,https://m.media-amazon.com/images/M/MV5BODhkMDliNWYtZDNhYS00MDY1LTgwODAtMjU3Nzk2ZWZlODFjXkEyXkFqcGdeQXVyMzM4MjM0Nzg@._V1_SX300.jpg
118,Pokémon Omega Ruby,2014,tt3716344,game,N/A
119,Pokemon XYZ,2016,tt6448244,movie,https://m.media-amazon.com/images/M/MV5BYjVlYTM5NGItZWQ2NS00NWVmLWE0ZjgtNzg2YjMxMjdhYzg3XkEyXkFqcGdeQXVyNjQ0MTEzNzc@._V1_SX300.jpg
120,Pokémon: Vol. 16: Totally Togepi,1999,tt0251339,movie,https://m.media-amazon.com/images/M/MV5BMTQ1MDA4NDYzNl5BMl5BanBnXkFtZTcwNzM1MDE2MQ@@._V1_SX300.jpg
121,Pokémon Mystery Dungeon: Rescue Team DX,2020,tt11586654,game,https://m.media-amazon.com/images/M/MV5BODJiN2UyMWUtOGY4Ny00OWRjLWJlZWItNmRjYWExZmRhNDA4XkEyXkFqcGdeQXVyMjMxOTcxOTI@._V1_SX300.jpg
122,Pokémon: Vol. 17: Picture Perfect,2000,tt0251340,movie,https://m.media-amazon.com/images/M/MV5BMTI2MzI5MzA0N15BMl5BanBnXkFtZTcwNjk2NTkyMQ@@._V1_SX300.jpg
123,Pokémon Alpha Sapphire,2014,tt3716398,game,N/A
124,Pokémon Battle Revolution,2006,tt1244611,game,N/A
125,Türk yapimi pokemon 1-6,2012,tt3990338,movie,N/A
126,Pokémon: Vol. 18: Water Blast,2000,tt0251341,movie,https://m.media-amazon.com/images/M/MV5BMTQ1MDA4NDYzNl5BMl5BanBnXkFtZTcwNzM1MDE2MQ@@._V1_SX300.jpg
127,Pokémon: Vol. 20: The Final Badge,2000,tt0251343,movie,https://m.media-amazon.com/images/M/MV5BMTQ1MDA4NDYzNl5BMl5BanBnXkFtZTcwNzM1MDE2MQ@@._V1_SX300.jpg
128,Pokémon Ranger: Guardian Signs,2010,tt8393838,series,https://m.media-amazon.com/images/M/MV5BODVkYjI3ZTYtZThhMy00ZjM1LWI0MDktYTExN2JkN2Y2YmVjXkEyXkFqcGc@._V1_SX300.jpg
129,Pikachu and the Pokémon Music Squad,2015,tt6018104,movie,https://m.media-amazon.com/images/M/MV5BMTUyYTNlOTgtN2JiNi00MzA2LWJhMzktNGUzMjYwNWRiODFlXkEyXkFqcGc@._V1_SX300.jpg
130,Pokémon: Vol. 19: Our Hero Meowth,2000,tt0251342,movie,https://m.media-amazon.com/images/M/MV5BMTQ1MDA4NDYzNl5BMl5BanBnXkFtZTcwNzM1MDE2MQ@@._V1_SX300.jpg
131,Pokémon Super Mystery Dungeon,2015,tt6279010,game,https://m.media-amazon.com/images/M/MV5BMTRlMWI1ZjItOTQzNi00M2EwLWJiOWUtOTk5NTMxY2Q4M2M0L2ltYWdlL2ltYWdlXkEyXkFqcGdeQXVyNjMxNzQ2NTQ@._V1_SX300.jpg
132,Pokémon Mystery Dungeon: Blue Rescue Team,2005,tt1731214,game,https://m.media-amazon.com/images/M/MV5BMzFjM2ZjOTMtYTE4My00YzEwLTk3MDctMDBlMjc2ZGYzYTg3XkEyXkFqcGdeQXVyNzg5OTk2OA@@._V1_SX300.jpg
133,Pokémon: Pikachu's Jukebox,1999–2000,tt6328874,series,https://m.media-amazon.com/images/M/MV5BNWY4MTFlN2MtYmMxMi00NDU0LWEyYmUtZDI0NjA2NjIxYTYyL2ltYWdlL2ltYWdlXkEyXkFqcGdeQXVyMzM4MjM0Nzg@._V1_SX300.jpg
134,Pokemon Ieruka neo?,2000,tt0258034,movie,N/A
135,Pokémon Ranger,2006,tt1731219,game,https://m.media-amazon.com/images/M/MV5BOGEzMmVhN2ItZjE4ZC00N2ZkLTgxODctZjJhZTI0ZGExZGIzXkEyXkFqcGdeQXVyNzg5OTk2OA@@._V1_SX300.jpg
136,Pokémon Puzzle Challenge,2000,tt0814269,game,N/A
137,Pokémon Karaokémon: Two Perfect Girls,2000–2001,tt6329020,series,https://m.media-amazon.com/images/M/MV5BZjc0ZGU5ZTEtNjlhMy00ZmZlLThkYTgtZmNmMzgwNDU5YTM2XkEyXkFqcGdeQXVyMzM4MjM0Nzg@._V1_SX300.jpg
138,Pokémon Masters,2019,tt10314988,game,https://m.media-amazon.com/images/M/MV5BODhiZDNlNDEtZGQxMS00N2U5LWI0ZmUtMTlmODk1YjI4MGU0XkEyXkFqcGdeQXVyNjc5NDczMDE@._V1_SX300.jpg
139,Pokémon Mystery Dungeon: Red Rescue Team,2005,tt1769330,game,N/A
140,Pokémon Red and Blue Game Boy School Bus Commercial,1998,tt7682132,movie,https://m.media-amazon.com/images/M/MV5BYzBkMmU4NDktYTZhNC00OTY1LTlkMTYtNjk4NGM0NjEyNzA2XkEyXkFqcGdeQXVyMzM4MjM0Nzg@._V1_SX300.jpg
141,Pokemon XY,2013,tt9894012,movie,https://m.media-amazon.com/images/M/MV5BZjBmNDMxOGYtMWZiOC00OTQ2LWIwMWQtZDJmNjkwZjJmY2U4XkEyXkFqcGdeQXVyOTY0MDUzMDg@._V1_SX300.jpg
142,Pokémon: Sword & Shield,2019–,tt11570368,series,https://m.media-amazon.com/images/M/MV5BZDgyNzJjN2EtNmE1My00MTBiLTk3MmYtMjhhNDdmNTRkNTI5XkEyXkFqcGdeQXVyMTA2NzQ3NzYy._V1_SX300.jpg
143,Pokémon: A New Beginning,2016,tt5906638,movie,https://m.media-amazon.com/images/M/MV5BZGIxYzU5YzYtOTU0MS00MjBhLTg0MDktOTgzMzUzYTJhNDM2XkEyXkFqcGdeQXVyNDgyMTE0ODk@._V1_SX300.jpg
144,Pokémon Rumble Blast,2011,tt2025673,game,https://m.media-amazon.com/images/M/MV5BOWFlNDdkYTItODQyMy00MzRkLTkyZjctOTg3NmU2Y2FhYWE2XkEyXkFqcGdeQXVyMzM4MjM0Nzg@._V1_SX300.jpg
145,Pokémon 3D Adventure: Myu o Sagase!,2005,tt3433608,movie,https://m.media-amazon.com/images/M/MV5BY2E1MGJkOGMtMzhhYi00NzFhLTlkMmYtMTAyZTA2OTAxM2Y1XkEyXkFqcGdeQXVyNjM2NDIwMzQ@._V1_SX300.jpg
146,Pokemon: The After Years,2012,tt2562594,movie,https://m.media-amazon.com/images/M/MV5BOGI1Y2MwNDEtMTc0Ny00MDgxLWI0MDMtYTViNWU1NWY1MDUzXkEyXkFqcGdeQXVyMjU4MDcyNw@@._V1_SX300.jpg
147,"Hoopa, the Mischief Pokémon",2015,tt7784584,movie,https://m.media-amazon.com/images/M/MV5BZGU4ZWQ0ZWEtYmJkZS00MTM4LThmZGUtNzVmNGFhYjdlODBmXkEyXkFqcGdeQXVyNTUwNjUwNg@@._V1_SX300.jpg
148,Black Mirror: Pokémon Go,2016,tt9703028,movie,https://m.media-amazon.com/images/M/MV5BNjU1YmQ3Y2MtMDkyZS00ODlkLTk2MzEtM2Q2Njg4ZWZmNDFjXkEyXkFqcGdeQXVyNjc1NDY3NzU@._V1_SX300.jpg
149,Pokémon: Pikachu's Winter Vacation 2,1999–,tt18814950,series,N/A
150,Pokémon: Trainer Tour,2024–,tt33051864,series,https://m.media-amazon.com/images/M/MV5BMzE1YTI4NTktZTBkZS00Nzc5LWExZGQtY2QwNDIwZTliZTI0XkEyXkFqcGc@._V1_SX300.jpg
151,Pokémon Pinball,1999,tt3415352,game,N/A
152,Pokémon Trozei!,2005,tt1244612,game,N/A
153,Pokémon Rumble,2009,tt1606815,game,N/A
154,Pokémon Trading Card Game,1998,tt3399790,game,N/A
155,Real Life Pokemon,2010–,tt2826760,series,N/A
156,Pokémon Conquest,2012,tt2160333,game,N/A
157,"Pokemon GO! Catching Where I Want to, Not Prohibited by Law",2016,tt5900980,movie,https://m.media-amazon.com/images/M/MV5BYWQ1MzVkMjgtYmVkYS00NWE5LWFjYmItZjkzZDQ2ODExMTkwXkEyXkFqcGdeQXVyNjc2ODYxNTg@._V1_SX300.jpg
158,Hunters of the Pokemon,2016,tt5922512,movie,N/A
159,Pokémon Generations Abridged,2016–,tt10510366,series,https://m.media-amazon.com/images/M/MV5BZWM5MzY4ZmItNzk0OC00NGEyLTg5MjAtNjRjZWNjMDVlZDhmXkEyXkFqcGc@._V1_SX300.jpg
160,Pokemon Omega Ruby,2014,tt4703668,game,N/A
161,Pokémon Channel,2003,tt1959510,game,N/A
162,Pokémon Ranger: Guardian Signs,2010,tt1731221,game,N/A
163,Pokémon Box Ruby & Sapphire,2003,tt3399658,game,https://m.media-amazon.com/images/M/MV5BMThiYjExODAtZjE3ZS00ODNlLTkxYWQtZjQxMGZjMzY1NWVmXkEyXkFqcGdeQXVyMzM4MjM0Nzg@._V1_SX300.jpg
164,Pokémon Pinball: Ruby & Sapphire,2003,tt3417534,game,https://m.media-amazon.com/images/M/MV5BNWYwMDk0NTUtODM2My00OWY4LWIxZTQtYjQ5NWI5N2UxNTIzXkEyXkFqcGdeQXVyMzM4MjM0Nzg@._V1_SX300.jpg
165,Pokémon Ranger: Shadows of Almia,2008,tt1731220,game,N/A
166,My Pokémon Ranch,2008,tt1265133,game,N/A
167,Pokémon Dash,2004,tt1265153,game,N/A
168,Pokemon Alpha Sapphire,2014,tt4703670,game,N/A
169,Pokémon Picross,2015,tt5355078,game,https://m.media-amazon.com/images/M/MV5BYzMxZTVmMTctYjM4OC00ZmYxLWEzYmYtMWViNGUwMzEzNzQyL2ltYWdlL2ltYWdlXkEyXkFqcGdeQXVyMzM4MjM0Nzg@._V1_SX300.jpg
170,Pokémon Rumble U,2013,tt2726876,game,N/A
171,Stupid Pokemon Friends,2013,tt3121716,movie,N/A
172,R-Rated Pokemon,2007,tt3194538,movie,N/A
173,Planeta Pokémon,2005–2009,tt1868881,series,N/A
174,Pokémon-manía,2000–,tt1918082,series,N/A
175,Pokemon fushigi no danjon: Mezase! Hirari no boukendan,2009,tt1937288,game,N/A
176,Batoru and getto! Pokemon taipingu DS,2011,tt1947968,game,N/A
177,Pokemon Gets Played,2011,tt2147840,movie,N/A
178,Pokémon Poké Ball Launcher,2006,tt3419784,game,N/A
179,Pokémon Seek & Find,2006,tt3422040,game,N/A
180,Pokémon Trading Card Game: Trainer Video,1999,tt3427260,movie,https://m.media-amazon.com/images/M/MV5BOWMxNGI4MWYtNDk0ZC00MGRlLWI0ODctNjY5MTM1ZTE3N2JiXkEyXkFqcGdeQXVyMzM4MjM0Nzg@._V1_SX300.jpg
181,Pokémon: Team Turbo,2005,tt3417416,game,N/A
182,Pokémon Team Rocket Blast Off,2006,tt3417430,game,N/A
183,Pokémon Pinball Mini,2001,tt3417436,game,N/A
184,Pokémon Zany Cards,2001,tt3453744,game,N/A
185,Pokémon Puzzle Collection,2001,tt3456028,game,N/A
186,Pokémon PC Master,2006,tt3456032,game,N/A
187,Pokémon Battrio,2007,tt3461064,game,N/A
188,Pokémon Medal World,2011,tt3463516,game,N/A
189,Pokémon Tretta,2012,tt3465878,game,N/A
190,Pokémon Tetris,2002,tt3472852,game,N/A
191,Pokémon Card GB2: GR Dan Sanjou!,2001,tt3411136,game,N/A
192,Pokémon Masters Arena,2004,tt3414324,game,N/A
193,A Sneak Peek at Pokémon,1998,tt3429756,movie,N/A
194,Pokémon Party Mini,2001,tt3432728,game,N/A
195,Pokémon Puzzle Collection Vol. 2,2002,tt3478202,game,N/A
196,Pokémon Dream Radar,2012,tt3515550,game,N/A
197,Pokémon Bank,2013,tt3526844,game,N/A
198,Pokémon Card Game Asobikata DS,2011,tt3556234,game,N/A
199,Pokémon Battle Trozei,2014,tt3593372,game,N/A
200,Pokémon Race mini,2002,tt3449310,game,N/A
201,Pokémon sodate ya-san mini,2002,tt3449590,game,N/A
202,Pikachu Gets Pokemon Rabies,2012,tt3670894,movie,N/A
203,Comedy Bit 151: Pokemon Birthday,2014,tt3827180,movie,N/A
204,Pokémon Get TV,2013–,tt3952816,series,N/A
205,Pokemon fushigi no danjon: Ikuzo! Arashi no boukendan,2009,tt1731215,game,N/A
206,Pokemon fushigi no danjon: Susume! Honoo no boukendan,2009,tt1731216,game,N/A
207,Pokémon Sun Version,2016,tt5521102,game,https://m.media-amazon.com/images/M/MV5BMDE2ZDQ4NDEtMjAwMS00ZjMyLTk5MzQtNWI0YjNjNjFiY2Y1XkEyXkFqcGdeQXVyMjM5ODMxODc@._V1_SX300.jpg
208,Pokémon Moon Version,2016,tt5521106,game,https://m.media-amazon.com/images/M/MV5BNjRhYWIwYTEtNWJjYi00YTZmLTk3YmYtMjE2ZGQwZGU0ZmVlXkEyXkFqcGdeQXVyMjM5ODMxODc@._V1_SX300.jpg
209,Pokemon Co-Master,2016,tt5674080,game,N/A
210,Pokémon Go,2016,tt5024026,game,N/A
211,Pokemon Z,2016,tt5291066,game,N/A
212,Pokemon,2009,tt4009276,movie,N/A
213,Pokemon Adventure (Fan Film),2018,tt4260428,movie,N/A
214,Pokemon Rivals Trailer,2015,tt4536766,movie,N/A
215,Pokémon Shuffle,2015,tt4673662,game,N/A
216,Pokémon Go: Squad Battle,2016,tt5926508,movie,https://m.media-amazon.com/images/M/MV5BZjk1ZGE4MzctZWYwZC00M2FmLWFmNDQtYzNhNTJjMmNhZWQzXkEyXkFqcGdeQXVyNjY1NTU5MjU@._V1_SX300.jpg
217,Josh & Joey Sell Pokémon Cards,2016,tt5935848,movie,https://m.media-amazon.com/images/M/MV5BZDg4MDUyYjQtNDc3Yy00NjUwLThiNTAtZWQ5YmVhMDM2ZjhjXkEyXkFqcGdeQXVyNTk1MDk3NDA@._V1_SX300.jpg
218,Pokémon: Far and Wide,2016,tt5960722,movie,N/A
219,Signs That Pokemon GO Has Taken Over Your Life,2016,tt5884646,movie,https://m.media-amazon.com/images/M/MV5BYjRmNTk2NzktNWM0Yi00NWU2LTkyZGUtZTMzODkxMjg5MWRhXkEyXkFqcGdeQXVyNjY1NTU5MjU@._V1_SX300.jpg
220,Pokemon Go: True Champions,2016,tt5888770,movie,https://m.media-amazon.com/images/M/MV5BMjdhNDcwZGUtMDczMS00ZjhmLTg0MmQtMTdhMGQ1NTI1ZDVkXkEyXkFqcGdeQXVyMjcwMjk2MTk@._V1_SX300.jpg
221,Pokémon vs. My Little Pony: Animeme Rap Battles,2016,tt6280020,movie,N/A
222,Pokemon Go-lympics,2016,tt6286422,movie,N/A
223,Pokémon Uncensored Edition,2016,tt6300640,game,N/A
224,Pokémon Shiny Gold Version,2007,tt6302156,game,N/A
225,Pokémon Blue Sea Edition,2007,tt6302162,game,N/A
226,Pokémon Crystal Shards Version,2009,tt6302166,game,N/A
227,Pokémon: A Great Journey,2016,tt6315050,movie,N/A
228,Pokemon Go ga kaeta sekai,2016,tt6327004,movie,N/A
229,Minecraft Animations - Pokémon Videos,2016–2017,tt7818364,series,https://m.media-amazon.com/images/M/MV5BYjZhN2RjZDgtNjQwNy00OTMyLTg1ODMtNWNlMjhiNTU4MmQ5XkEyXkFqcGdeQXVyNTM3MDMyMDQ@._V1_SX300.jpg
230,Pokemon Go IRL,2016,tt7874258,series,N/A
231,Pokemon Go Revenge,2016,tt7944784,movie,https://m.media-amazon.com/images/M/MV5BOTM3OTM4YWItOTE0OC00ZTNjLWEwODEtZjhlMDAxZjQzNmMwXkEyXkFqcGdeQXVyNTY3NDAxMTU@._V1_SX300.jpg
232,Pokemon GO Bird Catcher,2016,tt6594058,movie,N/A
233,Pokémon Prism Version,2010,tt6190066,game,https://m.media-amazon.com/images/M/MV5BMzk4ZmY1NDItYzQzZS00MjMzLTg0Y2UtMTQ4Nzk1NjU4Mjk4L2ltYWdlL2ltYWdlXkEyXkFqcGdeQXVyMzM4MjM0Nzg@._V1_SX300.jpg
234,Pokémon Stars,2017,tt6259894,game,N/A
235,Why I'm Not on Pokemon Go,2016,tt8451240,movie,https://m.media-amazon.com/images/M/MV5BODYzZGE0YWEtNmFlYS00MTVmLTllMjQtNzRkYzlhYjg4MDFjXkEyXkFqcGdeQXVyNjczNDUwMzk@._V1_SX300.jpg
236,"Pokémon: Let's Go, Pikachu!",2018,tt8488342,game,https://m.media-amazon.com/images/M/MV5BOGQxNzZhMGMtYWE1My00ZGFiLWIzZGEtN2JhMmEyMzk5NTM3XkEyXkFqcGdeQXVyMTEzNjA2NzM@._V1_SX300.jpg
237,"Pokémon: Let's Go, Eevee!",2018,tt8488352,game,https://m.media-amazon.com/images/M/MV5BNDM0MDg3NjctOTFjNC00MjkwLThkNTUtMmQ3YjYzMjFhNjlmXkEyXkFqcGdeQXVyMTEzNjA2NzM@._V1_SX300.jpg
238,One Direction: Super Pokemon Rumble - At Home With One Direction Commercial,2011,tt8497882,movie,https://m.media-amazon.com/images/M/MV5BNDgwZGJjMDgtOTU4Yy00OGIwLTkzYjctMTk0ODY2MDEzMTA5XkEyXkFqcGdeQXVyNjExMjE5OTM@._V1_SX300.jpg
239,Le chasseur et la fille aux Pokémon,2018,tt8591194,movie,https://m.media-amazon.com/images/M/MV5BNzZkOTdjMzAtMGIzOC00MWUzLTllZDctNzI2MWQ1Mzk5MmM2XkEyXkFqcGdeQXVyNTI1NjkwMjI@._V1_SX300.jpg
240,Pokemon Red and Blue: Link Cable,1996,tt8188048,movie,https://m.media-amazon.com/images/M/MV5BMTU5NjYyMmEtNGUzOS00OGQxLWFhNTktYjgzMDg2MDBmYjEyXkEyXkFqcGdeQXVyMTEwNDU1MzEy._V1_SX300.jpg
241,Camp Pokémon,2014,tt8215978,game,https://m.media-amazon.com/images/M/MV5BYzUzNzdhNmUtM2UxNi00ZDgxLWE4ZTctOTRkYTE3ZDU2NjRlXkEyXkFqcGdeQXVyMjMxOTcxOTI@._V1_SX300.jpg
242,Naomi Pokemon Adventures,2018–,tt8248004,series,N/A
243,When Pokémon Go Goes Too Far,2016,tt5908356,movie,N/A
244,The Last Pokemon,2016,tt6054054,movie,N/A
245,Becoming a Master: The Ultimate Pokémon Experience,1999,tt6342158,series,https://m.media-amazon.com/images/M/MV5BOTA4NTYwYjktZTg2YS00NzMxLWFiNmYtZGExZTZjYTE1MmRmL2ltYWdlL2ltYWdlXkEyXkFqcGdeQXVyMzM4MjM0Nzg@._V1_SX300.jpg
246,Pokemon GO: Players,2017,tt6387002,movie,N/A
247,Pokémon: PokéRap GS,2001,tt6401574,movie,https://m.media-amazon.com/images/M/MV5BYWFlNmYxOWItZDZjNS00ZjBhLWE4ZWItZGNjYzFhZjQzMGViXkEyXkFqcGdeQXVyMzM4MjM0Nzg@._V1_SX300.jpg
248,True Life: Pokémon Go,2016,tt6687880,movie,N/A
249,20/20 Pokémon GO Scandal,2016,tt6771608,movie,https://m.media-amazon.com/images/M/MV5BZWQ1NmQ1YTYtODRiOS00MDk1LWJiYjYtZmRlMGJkY2M1MmI3XkEyXkFqcGdeQXVyNzEzODgwNzY@._V1_SX300.jpg
250,Pokemon peripeteies,1999,tt6824600,movie,https://m.media-amazon.com/images/M/MV5BYWFlMzBlM2EtZjY1Ni00NTM2LWE5ZGQtNjIxYzk4YjBhMjVlXkEyXkFqcGdeQXVyNjY0NzU4Nzc@._V1_SX300.jpg
251,Pokemon Deo Mu-bi XY&Z Bolkenion: Gigyewanggukui Bimil,2016,tt6857344,movie,N/A
252,Pokémon Ultra Sun & Ultra Moon,2017,tt6998734,game,https://m.media-amazon.com/images/M/MV5BZDE1NWVhYjktOTE2Mi00ZDAyLWIxZTgtZGVkMDVjYzk2MzBiXkEyXkFqcGdeQXVyNjExODg3OTc@._V1_SX300.jpg
253,Scent of a Pokémon,2017,tt7003996,movie,https://m.media-amazon.com/images/M/MV5BMDJhZTk0MjEtYzdiNC00MjQ1LWExNGQtMzc3YmRiMDI4OTlmXkEyXkFqcGdeQXVyMzI3MDU4MDk@._V1_SX300.jpg
254,"I'll Always Choose You Pikachu: A Pokemon Tragedy, The Death of Ash and Pikachu",2017,tt7093732,movie,https://m.media-amazon.com/images/M/MV5BNjNkMTE0YjQtNTI1OS00NjlhLWFkNzYtMjhiMDYxY2NiM2IwXkEyXkFqcGdeQXVyMzM4MjM0Nzg@._V1_SX300.jpg
255,The Pokemon Go Presidential Candidates' Statement,2016,tt7259196,movie,N/A
256,The Pokémon Entrapment,2015,tt7317352,movie,https://m.media-amazon.com/images/M/MV5BYjk3ZTkzZDEtNGM0NC00NGRiLWI4NmMtNGE5YWY3NDM2ZDMyXkEyXkFqcGdeQXVyMTg1NTc0Mjc@._V1_SX300.jpg
257,Pokémon Flippo Update,2001–2002,tt7567682,series,https://m.media-amazon.com/images/M/MV5BMTE4OTNmMGQtNzEzZi00ZGMyLWE5ZDgtYWViMzBlOGIzYTIwXkEyXkFqcGdeQXVyODQ3MDgwNzE@._V1_SX300.jpg
258,Pokemon Logic,2017,tt7619820,movie,N/A
259,"Parents Try Guessing What Their Kid Will Do with $100 (Infinity Gauntlet, Pokemon)",2020,tt14088950,series,N/A
260,Not Another Pokémon Battle,2013,tt14545136,movie,N/A
261,Pokemon Venture,2018–,tt14701742,series,N/A
262,Pokemon WTF Moments,2020–,tt14709718,series,https://m.media-amazon.com/images/M/MV5BOGI3OGMxOGItMmJmYy00YTY1LTkyZWEtODY4ODAyMDQxZGFjXkEyXkFqcGdeQXVyMTI3MjczNjQ3._V1_SX300.jpg
263,(Ace Trainer Liam) Top 10 Galar Pokemon,2020,tt14710792,movie,N/A
264,(Ace TrainerLiam) Top 10 Alola Pokemon,2020,tt14710820,movie,N/A
265,(Ace Trainer Liam) Top 10 Kalos Pokemon,2019,tt14710864,movie,N/A
266,Ace Trainer Liam: Top 10 Unova Pokemon,2019,tt14710890,movie,N/A
267,(Ace Trainer Liam) Top 10 Sinnoh Pokemon,2019,tt14710916,movie,N/A
268,(Ace Trainer Liam) Top 10 Hoenn Pokemon,2019,tt14710948,movie,N/A
269,(Ace Trainer Liam) Top 10 Johto Pokemon,2019,tt14710974,movie,N/A
270,(Ace Trainer Liam) Top 10 Kanto Pokemon,2019,tt14711010,movie,N/A
271,Ace Trainer Liam Top 10 Dragon Type Pokemon,2019,tt14711030,movie,N/A
272,(Ace Trainer Liam) Top 10 Rock Type Pokemon,2019,tt14711038,movie,N/A
273,(Ace Trainer Liam) Top 10 Ice Type Pokemon,2019,tt14711050,movie,N/A
274,(Ace Trainer Liam) Top 10 Flying Type Pokemon,2019,tt14711070,movie,N/A
275,Ace Trainer Liam Top 10 Bug Type Pokemon,2019,tt14711096,movie,N/A
276,Ace Trainer Liam Top 10 DarkType Pokemon,2019,tt14711112,movie,N/A
277,(Ace Trainer Liam) Top 10 Ghost Type Pokemon,2019,tt14711148,movie,N/A
278,(Ace Trainer Liam) Top 10 Psychic Type Pokémon,2019,tt14711160,movie,N/A
279,(Ace Trainer Liam) Top 10 Poison Type Pokémon,2019,tt14711206,movie,N/A
280,(Ace Trainer Liam) Top 10 Grass Type Pokémon,2019,tt14711242,movie,N/A
281,(Ace Trainer Liam) Top 10 Ground Type Pokémon,2019,tt14711272,movie,N/A
282,Ace Trainer Liam Top 10 Electric Type Pokémon,2019,tt14711298,movie,N/A
283,(Ace Trainer Liam) Top 10 Water Type Pokémon,2019,tt14711328,movie,N/A
284,(Ace Trainer Liam) Top 10 Fire Type Pokémon,2018,tt14711338,movie,N/A
285,(Ace Trainer Liam) Top 10 Steel Type Pokémon,2018,tt14711344,movie,N/A
286,Ace Trainer Liam Top 10 Fairy Type Pokémon,2018,tt14711358,movie,N/A
287,(Ace Trainer Liam) Top 10 Fighting Type Pokémon,2018,tt14711378,movie,N/A
288,(Ace Trainer Liam) Top 10 Normal Type Pokémon,2018,tt14711396,movie,N/A
289,(Ace Trainer Liam) Top 10 Pokémon I Would Eat,2018,tt14711418,movie,N/A
290,(Ace Trainer Liam) Top 10 Pokémon the Internet Wants Me to Put in this Top 10,2018,tt14711446,movie,N/A
291,(Ace Trainer Liam) Top 10 Stupidly Overpowered Pokémon,2018,tt14711468,movie,N/A
292,(Ace Trainer Liam) Top 10 Pokémon Let's Play Types,2018,tt14711494,movie,N/A
293,(Ace Trainer Liam) Top 10 Things We Know So Far About Pokémon Ultra Sun and Ultra Moon,2017,tt14711528,movie,N/A
294,(Ace Trainer Liam) Top 10 Pokémon Pets,2017,tt14711548,movie,N/A
295,(Ace Trainer Liam) Top 10 New Z Moves for Pokémon Ultra Sun and Ultra Moon,2017,tt14711570,movie,N/A
296,(Ace Trainer Liam) Top 10 Pokémon Gym Leaders,2017,tt14711576,movie,N/A
297,(Ace Trainer Liam) Top 10 Fastest Pokémon,2017,tt14711600,movie,N/A
298,Ace Trainer Liam Top 10 Cutest Pokémon,2017,tt14711636,movie,N/A
299,(Ace Trainer Liam) Top 10 Overrated Pokémon,2017,tt14711644,movie,N/A
300,(Ace Trainer Liam) Top 10 Shiny Pokémon,2017,tt14711672,movie,N/A
301,(Ace Trainer Liam) Top 10 Pokémon with the Wrong Type,2017,tt14711696,movie,N/A
302,(Ace Trainer Liam) Top 10 Pokémon I Don't Like,2017,tt14711734,movie,N/A
303,Ace Trainer Liam: Pokémon: Top 10 Final Starter Evolutions,2017,tt14711756,movie,N/A
304,Ace Trainer Liam Shiny Pokemon: Top 10 Unexpected Shinies,2016,tt14711770,movie,N/A
305,Ace Trainer Liam: My Top 10 Favourite Pokémon,2015,tt14711786,movie,N/A
306,Ace Trainer Liam Pokémon: Top 10 Mega Evolutions,2015,tt14711798,movie,N/A
307,Ace Trainer Liam Pokémon: Top 10 Infernapes and Sceptiles,2015,tt14711830,movie,N/A
308,(Ace Trainer Liam) Top 10 Pokemon of Ash Ketchum,2015,tt14711884,movie,N/A
309,(Ace Trainer Liam) Top 5 Games Pokémon Should Crossover With,2018,tt14711920,movie,N/A
310,(Ace Trainer Liam) Top 5 Saddest Goodbyes in the Pokémon Anime,2015,tt14711954,movie,N/A
311,(Ace Trainer Liam) Top 5 Pokémon Owned by James (Team Rocket) in the Anime,2015,tt14711970,movie,N/A
312,(Ace Trainer Liam) Top 5 Pokémon of Jessie (Team Rocket),2015,tt14711988,movie,N/A
313,(Ace Trainer Liam) Top 5 Pokémon Owned by Misty in the Anime,2015,tt14712018,movie,N/A
314,(ace Trainer Liam) Top 5 Pokémon of Brock,2016,tt14712046,movie,N/A
315,Every Pokémon Ever,2021–,tt14780766,series,https://m.media-amazon.com/images/M/MV5BOWIxNmZlZmUtZWU1Yy00ZGFhLTkwNmUtN2JlNzQzNzIyYjRhXkEyXkFqcGdeQXVyNDE3NjczOTI@._V1_SX300.jpg
316,"Pokemon WTF Moments (S01E69) - Lights, Camera, Quack-tion",2021,tt14799792,movie,N/A
317,Janaína Bianchi: Tema Original de Pokémon,2020,tt15043852,movie,https://m.media-amazon.com/images/M/MV5BMTVkMGYzMDUtNjJmZC00N2UyLTk3NzEtMWJiZWYwZmVlMjM1XkEyXkFqcGdeQXVyOTA1ODU0Mzc@._V1_SX300.jpg
318,Pokemon Timeline Explained,2016–,tt15223034,series,https://m.media-amazon.com/images/M/MV5BN2EzODAxY2EtMjcyYy00YjNhLWI0MzQtNWQ2NjVhMmE2M2VlXkEyXkFqcGdeQXVyMTMzNTcxNjcx._V1_SX300.jpg
319,10 Pokemon That Actually Died!,2021,tt15223088,movie,N/A
320,15 Biggest Mistakes That YOU Made in Pokemon!,2021,tt15223100,movie,N/A
321,51 Funniest Pokemon Quotes!,2021,tt15223106,movie,N/A
322,10 Surprisingly Strong Pokemon Trainers!,2021,tt15223116,movie,N/A
323,51 Weird Pokemon Stats!,2021,tt15223124,movie,N/A
324,15 Hilariously Overpowered Pokemon!,2021,tt15223132,movie,N/A
325,Top 10 Smartest Pokemon!,2021,tt15223144,movie,N/A
326,Top 10 Strongest Pokemon of All Time!,2021,tt15223180,movie,N/A
327,Top 10 Strongest Pokemon of All Time!,2020,tt15223190,movie,N/A
328,Top 10 Most Expensive Pokemon Cards!,2020,tt15223194,movie,N/A
329,Top 10 Most Forgettable Pokemon!,2020,tt15223198,movie,N/A
330,Top 10 Worst Trades in Pokemon!,2020,tt15223214,movie,N/A
331,15 Game-Ending Softlocks in Pokemon!,2020,tt15223222,movie,N/A
332,Top 10 Game-Breaking Pokemon Glitches!,2020,tt15223226,movie,N/A
333,Top 10 Pokemon That Were Banned!,2020,tt15223228,movie,N/A
334,10 Unique Pokemon That Will Amaze You!,2020,tt15223234,movie,N/A
335,51 Useless Things in Pokemon!,2020,tt15223240,movie,N/A
336,Top 10 Rarest Event Pokemon of All Time!,2020,tt15223244,movie,N/A
337,Top 10 Strongest Pokemon Champions!,2020,tt15223246,movie,N/A
338,51 Weirdest Things in Pokemon!,2020,tt15223248,movie,N/A
339,15 Unsolved Mysteries in Pokemon!,2020,tt15223252,movie,N/A
340,Top 10 Impossible Things in Pokemon!,2019,tt15223256,movie,N/A
341,Top 10 Weirdest Pokemon Evolutions!,2019,tt15223258,movie,N/A
342,Top 10 Hardest Pokemon to Catch!,2019,tt15223260,movie,N/A
343,Top 10 Pokemon You'd Rather Not Encounter!,2019,tt15223264,movie,N/A
344,Top 10 Pokemon That Should Get Galarian Forms in Pokemon Sword and Shield!,2019,tt15223274,movie,N/A
345,Ranking All 101 Unused Pokemon from Worst to Best!,2019,tt15223276,movie,N/A
346,Top 10 Pokemon That Deserve Legendary!,2019,tt15223280,movie,N/A
347,Top 10 Pokemon You'd Rather Not Evolve!,2019,tt15223286,movie,N/A
348,Top 10 NEW Type Combinations for Pokemon Sword and Shield!,2019,tt15223290,movie,N/A
349,Top 10 Rarest Shiny Pokemon of All Time!,2018,tt15223298,movie,N/A
350,Top 10 Things That I Want to See in Pokemon Switch!,2018,tt15223304,movie,N/A
351,Top 10 Biggest Changes in Pokemon!,2018,tt15223308,movie,N/A
352,If Pokemon Games Were Self Aware (Parody),2020,tt15223318,movie,N/A
353,If Pokemon Was More Realistic (Parody),2020,tt15223320,movie,N/A
354,If Pokemon Games Were EVEN MORE Self Aware (Parody),2020,tt15223322,movie,N/A
355,If Pokemon Were Real (Parody),2017,tt15223324,movie,N/A
356,The Greatest Pokemon Battle of All Time,2017,tt15223326,movie,N/A
357,If Ash Was in the Pokemon Games (Parody),2017,tt15223330,movie,N/A
358,Top 10 Most EVIL Pokemon!,2018,tt15223340,movie,N/A
359,Top 10 Unpopular Pokemon with Interesting Backstories!,2017,tt15223348,movie,N/A
360,Top 10 LOST Pokemon Evolutions!,2017,tt15223350,movie,N/A
361,Top 10 Most Broken Pokemon!,2017,tt15223360,movie,N/A
362,Top 10 Pokemon That Can Talk!,2017,tt15223364,movie,N/A
363,Pokemon Timeline Explained (Team Rocket),2018,tt15227212,movie,N/A
364,Pokemon Timeline Explained (Ancient Civilizations),2020,tt15227220,movie,N/A
365,Every Pokemon Revealed Before Their Generation!,2021,tt15227248,movie,N/A
366,107 Facts About the 107 Sinnoh Pokemon!,2021,tt15227250,movie,N/A
367,135 Facts About the 135 Hoenn Pokemon!,2021,tt15227252,movie,N/A
368,25 Facts for Every Year of Pokemon!,2021,tt15227258,movie,N/A
369,100 Facts About the 100 Johto Pokemon!,2021,tt15227260,movie,N/A
370,151 Facts About the Original 151 Pokemon!,2020,tt15227264,movie,N/A
371,Pokemon Plush Journey,2016–2018,tt15279858,series,https://m.media-amazon.com/images/M/MV5BYjFhMWU5ZTMtMGRlMS00ZTA2LWFjYzUtYTg3ZTcxNjkzNDhkXkEyXkFqcGdeQXVyMTAzNDMwMzk4._V1_SX300.jpg
372,The Pokemon Horror Movie You Need to See,2017,tt10719824,movie,N/A
373,"Pokémon, the Climax",2006,tt10783630,movie,N/A
374,Pokémon Writers Room,2016,tt10820128,movie,N/A
375,Pokémon Mystery Dungeon: Let's Go! Stormy Adventure Squad,2009,tt9798716,game,https://m.media-amazon.com/images/M/MV5BOTMxNWZjMmMtNzJlNy00YzU0LTkwMzgtOGU4M2Q1M2RjMjlhXkEyXkFqcGdeQXVyMjMxOTcxOTI@._V1_SX300.jpg
376,Pokémon Rumble World,2015,tt9847900,game,https://m.media-amazon.com/images/M/MV5BOGQzODQ1NTctM2ZhOS00M2VmLWJmOTQtMDdiOGJjNTBhOGUwXkEyXkFqcGdeQXVyMjMxOTcxOTI@._V1_SX300.jpg
377,Pokémon: The Two Professors,2018–,tt9053074,series,https://m.media-amazon.com/images/M/MV5BZDg0MGEyMDUtNTIxMC00NjRiLWEyYjUtNGRjZjI3ODExZTZiXkEyXkFqcGdeQXVyMjAzMjQ4NDc@._V1_SX300.jpg
378,Clip: roblox pokemon brick bronze (funny moments),2017–,tt9372392,series,https://m.media-amazon.com/images/M/MV5BODU3NjgyZmQtNGJmYy00ODRmLWIwYjYtNDMxOWRmOTU0NzBhXkEyXkFqcGdeQXVyNTM3MDMyMDQ@._V1_SX300.jpg
379,Pokemon Abridged,2011–2015,tt10050472,series,N/A
380,A Pokémon Journey with Kunihiko Yuyama,2018,tt10265754,movie,N/A
381,Occupying Wall Street for Pokémon,2011,tt10310534,movie,https://m.media-amazon.com/images/M/MV5BNGJmNmQ3ZDItMTM5Mi00Zjg5LWIwYzItZTk5YjcwMzQ4YmM2XkEyXkFqcGdeQXVyNjc1NDY3NzU@._V1_SX300.jpg
382,Pokemon Plush Land,2019–,tt11608878,series,https://m.media-amazon.com/images/M/MV5BODA0N2ZhZTMtZjNlMC00OGQ0LTgyYjEtMzVmYjJiZTk5ZTg3XkEyXkFqcGdeQXVyMTEzODQxNzQ1._V1_SX300.jpg
383,10 Pokemon Who Probably Voted for Trump,2019,tt11723106,movie,N/A
384,Blind Wave: Pokémon Generations Reaction,2016–2019,tt11839938,series,https://m.media-amazon.com/images/M/MV5BNjZlN2NmYjItM2NlYS00NTU3LTgwMTQtMjRmMmY1MGUwZWI0XkEyXkFqcGdeQXVyMTExMTAxNjA2._V1_SX300.jpg
385,Pokemon Uranium Nuzlocke,2019,tt11840066,series,https://m.media-amazon.com/images/M/MV5BMTI0NDJmZGMtNGVkNS00MTA0LTljMGEtZDlhMmZiN2Y4Y2FlXkEyXkFqcGdeQXVyMTA5OTIxOTc2._V1_SX300.jpg
386,Pokemon Snakewood,2015,tt11866010,series,N/A
387,Pokémon World Championships 2010,2011,tt11974732,series,N/A
388,Pokémon Ratchet Version,2017–2018,tt12290804,series,N/A
389,Pokemon Sword Playthrough with Brick Show Brian,2019–2020,tt12930786,series,N/A
390,Pokemon Let's Go Eevee Playthrough with Mojo Matt,2018,tt12938372,series,N/A
391,Pokemon Quest Gameplay,2018,tt12938382,series,N/A
392,A Pokemon in the Maryland Wastelands,2020,tt12992878,movie,https://m.media-amazon.com/images/M/MV5BYzQwYjhiMjQtMDIxYS00MTFmLWI3MDgtZDE4YjM0OTEwOGRmXkEyXkFqcGdeQXVyNjE0NTgzMTc@._V1_SX300.jpg
393,Clip: Pokemon Let's Go Pikachu Gameplay - Zebra Gamer,2019,tt13238324,series,N/A
394,Clip: Pokemon Shield Gameplay - Zebra Gamer,2019–2020,tt13242922,series,N/A
395,Schnapp Sie Dir Alle - Das Pokémon-Phänomen,2000,tt13504706,movie,https://m.media-amazon.com/images/M/MV5BZjE3ZmI0ZTEtNzNjNi00MDZiLWJiMmMtM2ViZDc2NDVmZGRiXkEyXkFqcGdeQXVyMTIyODE4Mjk0._V1_SX300.jpg
396,Pokémon GO in LEGO,2016,tt13712908,movie,N/A
397,Pokemon sumasshu!,2010–,tt18973926,series,N/A
398,Pokémon no uchi atsumaru?,2015–,tt18974034,series,N/A
399,Shukan Pokémon hosokyoku,2002–,tt18974060,series,N/A
400,Pokemon sande,2004–,tt18974104,series,N/A
401,Pokemon Destruction,2020,tt15715522,series,N/A
402,Oshiri o satsueishichau Touhoku Kiritan no Pokemon sunappu,2021,tt16438832,series,N/A
403,Pokemon: Detective Pikachu (2019),2019,tt17978382,movie,N/A
404,Untitled Pokèmon Videogame,2022,tt13801662,game,N/A
405,Pokemon Figures Show,2014–2015,tt13912012,series,N/A
406,Pokémon Sweets Paradise,2022,tt20880694,series,N/A
407,Every Pokemon Episode Ever Podcast,2020–,tt21822716,series,N/A
408,2011 Pokémon World Championships,2011–,tt22178484,series,N/A
409,Pokémon Learning League,2006–,tt22876452,series,https://m.media-amazon.com/images/M/MV5BNjhjYmY4Y2QtNzE3My00MWNkLWI3MjktM2Q2OGRlMjE3OTgzXkEyXkFqcGdeQXVyMTEwNDU1MzEy._V1_SX300.jpg
410,Pokemon Forumet and the Strike of Shadow,2009–2013,tt28769790,series,N/A
411,Poketto monsuta: Okido-hakase no Pokémon koza tokubetsu hen,1998,tt29513234,movie,N/A
412,Pokemon: The Horror Movie,2018,tt28327200,movie,N/A
413,Pokémon World Championships 2023,2023,tt30007639,movie,N/A
414,"Pokémon: Hikari, aratanaru tabidachi!",2011,tt30631621,movie,https://m.media-amazon.com/images/M/MV5BNjNiYzgwYzAtYzg5Yy00Y2M3LWI3NzItZWM0M2ZhNmI0NmI0XkEyXkFqcGc@._V1_SX300.jpg
415,Cube-Shaped Pokemon on Cubie Island?,2023,tt30970056,series,N/A
416,Pokemon Shorts,2016–2021,tt30971131,series,N/A
417,Discover Pokemon Together,2023,tt30971210,series,N/A
418,Pokemon Mystery Dungeon: Gates to Infinity Animation Special,2012,tt30971381,series,N/A
419,Pokemon to doko iku!?,2022–,tt31433824,series,https://m.media-amazon.com/images/M/MV5BMWI3MWYxMmQtMDY0Ny00YWI5LTkxOTktMDQ2NjZmZDRiYmIzXkEyXkFqcGc@._V1_SX300.jpg
420,Pokemon Daiundoukai,2020,tt31721998,movie,https://m.media-amazon.com/images/M/MV5BNzY4YjA0MmMtMGUzMi00MzdhLTgxYTItY2I4ZWM5ZjgwMmQ5XkEyXkFqcGdeQXVyMTI2NTM4NjM1._V1_SX300.jpg
421,Pokémon Ghosthunt,2016,tt32065785,movie,https://m.media-amazon.com/images/M/MV5BMDI2ZDkwNjctOGVjZC00YThmLWE1MDctMDIyYWYxODUzMmI3XkEyXkFqcGc@._V1_SX300.jpg
422,Pokémon Championship,2022–,tt32368810,series,https://m.media-amazon.com/images/M/MV5BNjQ2MDMyYjEtNWQ1Yi00Yzc0LThjZTUtMTk0MjMyNWFjZGE1XkEyXkFqcGc@._V1_SX300.jpg
423,Pokémon GO! Gone Wrong,2016,tt32919857,movie,https://m.media-amazon.com/images/M/MV5BNWVmMDFlYjQtZmRiMS00Y2YxLWIwNGYtOTU1NmQ3ODk3MDcyXkEyXkFqcGc@._V1_SX300.jpg
424,Pokémon Extreme,2008,tt32946317,movie,N/A
425,Blazing Cards: Hottest Pokemon Takes,2024–,tt33253178,series,N/A
426,Pokémon World Championships,2004–,tt33350497,series,N/A
427,Pokemon Beyond the Pokedex,2023–,tt33350589,series,N/A
428,The Story of Pokemon,2024,tt33364904,movie,https://m.media-amazon.com/images/M/MV5BNjdmYmRmOGEtNTRhNS00NmRhLWExZTgtZmZmNjU5YTIxMzVlXkEyXkFqcGc@._V1_SX300.jpg
429,2024 Pokémon World Championships,2024,tt33487475,movie,https://m.media-amazon.com/images/M/MV5BMjZlYTU0MTQtZjRjZi00ZGRjLWE1NDAtNTU2Njg3YjUwODdhXkEyXkFqcGc@._V1_SX300.jpg
430,Pokémon Team!,2024–,tt33490804,series,https://m.media-amazon.com/images/M/MV5BM2E1NTc5YWYtN2YwOC00ZTYyLWJiZjAtNWQ5MWRkZjdhZjIyXkEyXkFqcGc@._V1_SX300.jpg
431,Expectativa de Pokémon GO,2016,tt34140752,movie,N/A
432,Pokémon na Vida Real - Smosh,2023–2024,tt34366541,series,https://m.media-amazon.com/images/M/MV5BN2E5M2MxMGItNjkzZi00ZjU3LWE0ZmEtOTkwZmJmNmViZmMxXkEyXkFqcGc@._V1_SX300.jpg
433,Pokémon the Series: Ruby and Sapphire,2002–2006,tt35064748,series,https://m.media-amazon.com/images/M/MV5BNzQ0YzMwMTctMmY5OS00OTM0LTg0MmItYWRkY2Q3YjQxMmJkXkEyXkFqcGc@._V1_SX300.jpg
434,Pokémon: Adventures in the Orange Islands,1999–2000,tt35300424,series,https://m.media-amazon.com/images/M/MV5BNTBiOGQ3ODUtZDJlMS00YzI1LTlmOWYtZmQzOTc5Nzc3ZGMzXkEyXkFqcGc@._V1_SX300.jpg
435,Road to Worlds: Pokemon Video Game Championships,2025,tt36067745,series,https://m.media-amazon.com/images/M/MV5BMmMyNmRkMWMtNDVjOS00ZjNjLTkxZGMtNmZkMzIyNGFiMTY3XkEyXkFqcGc@._V1_SX300.jpg
436,Pokemon Twinkie Version (Pokemon Fan Film),2019,tt36415334,movie,https://m.media-amazon.com/images/M/MV5BNTZiZmVjODYtMjdlZi00YWI0LWJiYjItZTFlNDMwMGIzMzZhXkEyXkFqcGc@._V1_SX300.jpg
